{
  "project_info": {
    "project_number": "471832044020",
    "project_id": "healcheckerplace",
    "storage_bucket": "healcheckerplace.appspot.com"
  },
  "client": [
    {
      "client_info": {
        "mobilesdk_app_id": "1:471832044020:android:eb2938904482d7054599a1",
        "android_client_info": {
          "package_name": "com.example.healcheckplace"
        }
      },
      "oauth_client": [
        {
          "client_id": "471832044020-j8n7ejtdgvtl0uno428g9aspmuf6t7d1.apps.googleusercontent.com",
          "client_type": 1,
          "android_info": {
            "package_name": "com.example.healcheckplace",
            "certificate_hash": "08527cc69ed16c2fffa2a1a4da0d34747a2bc045"
          }
        },
        {
          "client_id": "471832044020-t79le5dtkpqvad954c7epf91mlkjsctf.apps.googleusercontent.com",
          "client_type": 3
        }
      ],
      "api_key": [
        {
          "current_key": "AIzaSyAF1TEY-x18hOc_SWnkqq_kLueNxtdIqH4"
        }
      ],
      "services": {
        "appinvite_service": {
          "other_platform_oauth_client": [
            {
              "client_id": "471832044020-b85ud98966vu7pmras5hodnfni2995nt.apps.googleusercontent.com",
              "client_type": 3
            }
          ]
        }
      }
    }
  ],
  "configuration_version": "1"
}